"Feature","True"
"Xb1",0.1055234051106
"Xb2",0.0870484426221564
"Xc1",-0.0140742622320736
"Xc2",-0.196947315636143
"Xc3",-0.123826407030863
"Xc4",-0.0254001858744362
"Xc5",0.446088182991231
"Xc6",-0.0660400962529083
"Xc7",-0.020507458291408
"Xc8",-0.173002347666155
"Xc9",-0.046664033626373
"Xc10",-0.0566755980766959
"Xc11",0.224590236075038
"Xc12",0.259464886877136
"Xc13",-0.148127646089678
"Xc14",0.562078538400633
"Xc15",-0.395577867753033
"Xc16",-0.295882493787279
"Xc17",-0.103006236688702
"Xc18",0.151256142913993
"Xc19",0.0357765352059507
"Xc20",0.204252372760435
"Xc21",0.0106450328827996
"Xc22",-0.0238604233755423
"Xc23",0.163926213690851
"Xc24",-0.0434678219521619
"Xc25",-0.0097187199107191
"Xc26",0.135209837405731
"Xc27",-0.0367667754926955
"Xc28",0.54675680405037
