"Y","Xb1","Xb2","Xc1","Xc2","Xc3","Xc4","Xc5","Xc6","Xc7","Xc8","Xc9","Xc10","Xc11","Xc12","Xc13","Xc14","Xc15","Xc16","Xc17","Xc18","Xc19","Xc20","Xc21","Xc22","Xc23","Xc24","Xc25","Xc26","Xc27","Xc28"
6,1,NA,0.99710511587717,-1.05314343652214,NA,0.177391978269158,1.9834211923444,1.15314878557456,NA,-1.90852341099557,-0.377026744900279,0.696497875730334,-0.756719324976571,NA,-0.72660330941837,0.0384193967863396,1.77162780605381,-0.18183698486751,-1.04894025993988,-0.187408971041325,0.830499973545174,0.35647403339023,-1.37348708030041,1.96397091116938,1.70188801822856,1.3192752371563,0.287823154557288,1.09716168578613,-1.31317149061498,-0.77007018410544
2,1,0,NA,0.234773613847848,-0.874899518492589,1.73923209860025,NA,-1.0188366735468,-0.216483742973697,NA,0.233415726758866,-1.14764961048912,1.67402550804581,-0.902545628623609,0.229294548489257,-0.107243379146658,0.785536117060084,0.0149372450560046,-0.510051579629143,-0.0874043661135864,-0.636065388162172,1.4334887251929,-0.0418542688093752,-0.441167823566195,-0.801834650638335,NA,0.755877067020925,-0.670543008639332,0.59572989220871,-1.20645694338176
0,1,0,-1.1948833131798,NA,NA,NA,-1.86692578018678,0.322423078927446,-0.10933460866636,NA,-0.0390191519858497,0.412475935028653,-0.0760658013024949,0.961077699951621,-1.53233197577244,2.26830971220513,NA,-0.259280488889274,0.555472527452033,0.217269344105519,0.915001616366782,-1.04053447772707,0.211358476061948,-0.911779615016975,-1.65041731934478,-1.81362428005496,-0.459667585555774,0.275865627196289,-1.78969167262896,-0.633833928522764
5,0,0,0.215255281082265,1.51005306284583,0.117404343191725,-0.111744145312338,0.881106010284465,-1.50133046577958,0.708334928989379,1.06188714285011,-0.237482194407886,-1.2593106799263,-0.226199560728524,NA,0.917390527413879,0.61849711396665,0.347911320916953,-0.0515458237022607,-0.405007561627436,0.263216748002731,0.896085719535234,NA,1.32823739469337,1.35976306725846,-0.469694943388764,-0.483039872100434,0.053804263732348,-2.15986079867158,1.00872602759858,0.454244892577028
0,1,0,-0.0830707021914291,1.48098223606999,-0.381067546424035,0.810075744748963,-1.80184348000761,-1.79140553150798,0.148322406235714,1.42614939082649,NA,0.540950371468605,1.0828215634803,-0.245864425557119,0.3063111891832,0.543703484579925,-0.757872662711064,-0.252239165429996,NA,-1.95100653643364,NA,0.405633716808753,1.43998107356727,-0.436755999596909,NA,NA,0.530462485449282,-0.236548310117392,0.348974699253483,0.443981285233186
0,0,1,-0.943685344995852,0.113761707932628,-0.33595899535925,-1.03479745452087,1.59987752043532,0.0604536308468723,NA,-1.06266386691789,-0.484231933240991,0.00883105450970062,-0.03952609088583,-0.696247442907983,1.13570629097422,-2.47019817127735,0.576966958069237,0.652870483588724,1.2866504888118,1.3980883138133,NA,-2.39674799632268,-1.83353822588873,-0.480073375336836,0.801103195099891,0.118047319395537,-0.0406197591585682,-0.0254750893052794,-1.54811441846134,0.586319172538277
21,0,NA,-0.368108990698186,2.24747825083674,-0.581703992879923,-0.586838393765698,1.68730133134293,NA,NA,0.767802004514234,0.736885485728572,-1.77458382019302,1.64411056853531,0.263756238246002,-1.28903166254697,0.445962179633665,-0.415758941477778,0.33989453375847,-1.81633373981576,-0.803506141776576,0.279880946587059,NA,-1.08430841718193,0.690212291144296,-0.458058078920927,0.589202961603956,1.35470648438705,-0.61464871177203,0.118565723662928,0.90674502517448
0,0,1,0.453642837093358,-0.134025591570992,-0.313395034752584,0.224011369304164,1.1528497999285,-1.82280055254397,NA,0.399649312415262,-0.229037120774493,-0.670330590806041,-1.36037984674942,-0.243391193396043,NA,-0.514557169921545,-1.15980968773285,0.494414188790753,0.933987367442251,0.760230043371744,-0.554170686965398,0.443667443877858,NA,-0.344931653656769,0.492028264073279,0.83547721143821,-0.902307189032002,-0.33620216230129,-1.31198740380095,-0.832473438499594
0,0,1,0.0126735044997793,-1.19164587880393,-0.881941738428336,-1.50813850993594,-0.957656632933829,1.24898265308173,-2.33374108582865,0.964350402107005,1.14231176936537,-1.21997849263872,-0.61047441445401,-1.57782775078463,-2.11387770030857,0.32773295553557,-1.08136857338635,0.54665824194559,0.988568418669341,0.37455202647039,0.235070322980303,-0.998711802381383,0.0321736641336139,-2.2220560522528,-0.276572431612608,-0.356383089369978,-0.486867815304967,1.56549328565306,-0.72213683711659,NA
0,1,1,NA,NA,1.44109402070033,0.75688059542687,-0.90369497477156,0.943766630874011,0.141123203803638,NA,0.849659023806193,0.117140388161097,-1.32616901056205,-0.618983912226091,-0.953893792907227,NA,0.44492894807908,0.138758223218464,-0.556117860927358,-0.616558892362298,-1.0826346563092,0.294141781197328,0.720376927759982,-0.842153157688155,1.21794473278571,-0.010057069594911,-0.38913253812343,0.845906282704472,0.0174001812155514,-1.03936150334964
4,0,1,-0.381785078557414,-0.953650180740816,0.565531534529521,-0.182083814596931,NA,-0.900198722170602,0.0256687715862768,0.317190206364946,NA,1.38859596075782,-0.742792251868011,0.829324549561487,0.599170083556497,0.00386981081840213,-0.766169208343696,-0.130157961859742,NA,-0.221577478059244,-0.729434533550027,-1.39798210897808,-0.97815797540856,NA,-0.382966983518221,-0.0965811749818734,NA,-0.0351159748333238,NA,1.27880110568138
3,1,0,0.765471098006232,-1.05703301266183,0.895103662794312,NA,-1.10840828338277,0.475542788385107,-0.180644867997554,-0.684405631506156,0.0874944811104997,-0.0554175102273343,1.39582835092939,NA,-0.667284711091412,0.27579883504682,1.39068549020515,0.0775219214241134,-0.93790928647157,-0.0871373745906251,0.731474332783426,1.30961152991568,NA,-0.596052582896914,0.623220921992365,-1.22470392480096,-1.69169591488194,1.45052187677513,-0.311312232480255,0.666432815040902
6,1,0,1.5732088488489,-2.03249757127847,0.156792884880885,0.0638087011139772,NA,-0.474086331342148,NA,-0.489561541336064,NA,-0.284287311752265,-0.405972452325399,NA,-0.301070881645412,0.284749972858401,-0.72979995089838,-0.592758936825385,1.08953273436867,-0.813953076414856,0.0566006043881098,1.32816254675426,0.108937818607061,0.87758774535091,0.49094229759832,0.386962746233937,0.0714071422281521,0.00902781671822618,NA,-0.533461684576347
5,1,0,-0.919289198571677,NA,0.0663276696150199,1.55911741662801,0.213049982051506,0.0561335940414252,0.141884029223547,-0.0570451681774234,-0.426399775708868,1.35467165785904,1.07453567406052,1.29987009579684,1.02424013466309,-0.309496552749076,0.166399706258438,0.132841210871284,2.7584123831891,NA,0.188787424597424,-0.0118184361945792,-0.470062760302519,0.0528555101392904,-1.57635012160381,-0.279328324637293,1.160086190839,1.36695238155264,0.837619785884774,-0.0421146043698861
1,1,0,-0.442219467726769,-1.25327154981687,NA,0.958533378219468,-1.53197352371335,1.06605527837655,0.209407528285557,1.57191647225868,NA,0.650936982880384,0.26830202116007,1.0081037088361,0.992918343143386,0.564326358113984,0.101144810256602,-0.647354753116108,0.859992710244955,-0.1541986669391,-0.349418619703856,-0.272101597373056,-0.145342513513255,NA,-1.4905730111528,NA,0.124259591675904,NA,-0.0033046914147981,NA
25,0,1,-1.80871317292459,-0.256133880110006,-2.65138452711039,0.497581310070787,1.08382215050479,NA,-1.09865167509685,2.08793656014398,-0.596524923160109,1.22536128982605,NA,1.23718542656162,0.511037336658181,0.185560681827591,-1.15525222091544,-1.47101989726804,0.271373557674713,-1.20896796735051,1.02032129356482,-2.2311952284317,NA,-0.203988364598966,0.447628795664333,0.370071613820807,-1.3694829045766,-0.685186925826258,-0.0604115456869991,1.58739246319081
10,1,0,0.22734337321155,0.381562595050004,-0.701109877023213,NA,0.909865827151282,-1.53722377963326,1.27859324255493,-0.5033102826436,-1.20650572444942,-1.2183423622371,0.59491631646983,-0.432051027966226,1.24538384324523,0.839651696508002,-0.975674465958542,-0.386463194440773,0.940618016081856,0.521158794598278,0.643541642960711,0.0956360024447076,0.1988337549719,0.756353664088558,0.417990841378755,-0.530056868068447,-0.0424454353247059,-0.796600627651748,-0.00806944598201684,-0.401611418273514
20,0,1,-1.70341508630529,NA,-0.933824905006321,NA,1.48073802356262,-0.960054370195276,0.329926221445452,1.56145113633617,-0.0292116189848831,-0.975134315589727,1.89528979800669,0.241179720567815,0.835606243083573,-0.640082878873892,-1.07925510807975,-0.505971474933042,0.61457358758382,-0.668957878988305,1.23788058864151,0.792368839148145,-0.289354598992425,0.618093813774243,0.210946130757817,0.382901024605224,0.954897065403455,-0.592125973031133,0.578166741047155,0.880960602038574
3,0,0,-0.568856534973855,0.301263563293907,0.235090445824706,0.053456543540471,NA,NA,-0.325889394853035,-1.37188355215359,2.14060850493211,0.174551666776759,1.34187517905465,-0.0866357656893953,-1.13164906446304,-1.61180964509058,0.999590540139722,1.20449704291554,0.639595779011867,0.209900445641273,-0.353686753921276,0.791385761237312,-2.14737771005436,-0.0871805513846862,-1.56596062238171,0.07868066423987,NA,NA,-1.87184681574312,-0.149469541214656
4,1,NA,1.89192061614207,-0.279808713033932,-0.457049398706585,0.0445889392166417,-1.09527980567514,-1.17133979297968,-0.710784938372715,0.427741232282177,-0.414388378462102,-0.594691567151747,-0.0955450570222391,-0.118698012217964,-0.16418059741695,0.534828088549609,-0.479422113618978,0.656832894306458,-0.409219155396474,-0.378480519160797,-0.0770463763976364,-0.135950341574336,-0.0676972054792134,-0.820840896506114,0.336415447034709,NA,-1.23360576477483,NA,0.356911798307755,0.281551434512427
5,0,0,NA,1.81555432617762,-1.3739469546537,-1.3113498721326,0.426563824065871,-0.304684607663054,0.0865721504130945,2.57666528402156,-0.41450670162829,-1.6549353253395,0.637195382669892,-1.75668310576388,-0.17664120710849,1.78217467501352,NA,NA,0.224498446817525,1.65325240283711,0.115526665472729,-1.34560608176554,0.926894510304157,1.09179871895945,NA,-3.32591628880824,0.308183637500632,-1.25100508445201,0.24171545790117,0.7324380948791
9,1,1,-0.161487690300639,-0.0217426868096403,-0.539531611834744,1.29548169463193,-0.395218979649143,-0.35903826671025,-1.05773251879179,0.0141904605691414,-1.33974207034809,0.844203030778082,-0.502813062121758,1.04218170748603,-0.288795680003395,0.225797259015798,-1.58208386262343,NA,-0.206443870438512,-1.47132849163128,NA,-0.00411507426643121,1.69049257825783,-0.531837491276007,1.01996192752849,0.701388905895489,-2.01993017436335,0.92696488410797,0.950976686524668,0.367175798679672
0,1,NA,0.861402736593804,-0.519497651261975,-1.58854088043806,-0.809319453693401,0.561705236718684,0.379132963045729,-1.21025227219676,-0.501812998995763,1.61222347939556,2.69825812898398,NA,1.92187368553205,-0.0944266495871357,-1.05010177447997,-0.402843006396108,-1.44932575951355,0.360881524974309,0.365015963952369,-0.119554477921695,-2.04386915715369,0.956063211638352,-1.22776573070021,0.774098655497963,0.501613729095613,-1.94082692862328,-0.147049110380594,-0.444456201076233,0.532603183209387
6,1,1,0.915309882378174,NA,-0.487809201790709,0.0400233423106521,0.294780902674574,0.376187688050591,0.6881969964895,0.58395776799721,0.62552759130617,0.146031946779912,-0.172301536502771,NA,-0.394782981506202,NA,-0.860489314119601,-0.297885294764867,0.0122880760415161,-0.951734679165315,-1.22383279517763,-1.60056049348612,1.05944051613531,-0.803621883417294,1.20278935741599,0.80344789102805,1.44951161753775,-0.701088650212634,-0.0756271573379541,0.207989245897388
0,1,0,NA,0.629683539707036,-0.746663622920497,-0.68466383616123,-0.898420759022264,1.23049012805232,-0.436534907594903,0.233260940352604,0.812545102794457,1.20290158001688,1.2026529576546,-1.1071577266642,1.13981849347573,-0.679876490160552,1.06587855068622,NA,1.69110106735464,1.98131275636301,-1.4142334498962,0.729718500116035,1.57105847326324,0.808140931503692,-1.50252304793542,-1.90548310879367,1.3023337559145,0.0663294353613215,1.33061285131761,-0.181875452465837
3,1,1,2.28788966757049,-2.22244060681546,-0.980422912051666,-0.684591593732967,-0.178820682415275,1.06319513450212,-2.12219165080586,NA,0.166452222146854,-0.477273635376671,-0.06991365464031,0.109356986149267,-0.159448209668212,0.158566765596663,0.623534324584511,0.18581096232292,0.682372068007734,1.26318255926659,-0.43711485814934,-0.260085173050792,0.540727168918728,-0.694912231686417,-0.0488096058494387,-0.766120007835376,0.163356161381204,1.37587634349412,0.343300260363939,-2.19737460406973
2,NA,1,2.30389732519527,-1.97048063682132,-0.118952681352845,0.724065336368662,-0.86188725218743,1.39322373794834,-1.78900979746655,-1.04703656089265,0.580604038767027,1.44925731660093,-1.32910839169491,1.58480993069477,-1.91383729511412,0.424759642002732,0.993664286612226,0.15068531449398,-0.937849946087113,0.282128385989653,0.274867838422135,0.770458249038846,-1.08979374242796,0.89721065792881,0.754811363754083,-0.216309510265298,-1.36939598334732,0.704826490282317,-1.15410810838433,-1.50883710992624
1,1,0,-0.273921091955113,0.592444913940835,NA,0.0338311398763774,0.2165726629416,NA,-1.31149952826582,-0.235136595139408,NA,0.859344356987432,-0.674697166838555,0.996540963011794,0.317953493564964,-1.17771817373563,0.0465116131816787,-1.28131932558478,1.41380518700326,1.06899643121056,1.80240219143115,1.84311890562798,0.65879461785258,1.31824546642684,-1.26592371975843,-0.171799668619208,-0.414361905752951,-2.19694194677804,0.529088140786837,-0.636235618576484
0,0,1,-1.24843098950171,1.95068211577972,2.81411220820763,NA,0.429099936329581,-1.96227660132539,0.753571092649256,-1.17353173516579,NA,-0.503994689175138,-0.706608839144639,0.284209683253159,-1.61172987813518,-1.26509984120418,2.62741734908489,0.594008649123057,-2.07665585491392,NA,-0.180052580715628,1.40257290877741,-1.16990300988311,-0.178836887133996,0.325031108649164,-0.807387051745331,-0.348781349314758,-1.04874137354981,-0.0715504589396424,NA
5,1,1,2.38875973637925,0.527443888880065,-0.76380481375159,-0.409365402831085,0.113428773258887,-0.868846343083897,0.306667948250803,0.275669381561521,0.419095261312054,0.313455321952376,-2.57648312784535,-0.439350207452277,-1.08336189011212,-0.360704992822381,-1.41267296345509,0.213323277575463,-1.30269781565686,-1.50826160326565,-1.47295560781633,-1.23473243005488,0.915714024460428,-0.121264486702428,2.70205684039014,1.70053960871369,-1.51988054919239,NA,0.33872714221345,1.08916789189099
6,1,0,-0.605151092976626,0.854216899482707,-1.34118242060796,-0.589051531069116,-0.606007789832451,1.72188951983751,-0.313742347566396,1.05256660085087,0.856450741815237,1.19646387975638,2.04708450903659,NA,-0.49808817403846,1.55516597216149,0.840094704400845,-0.768439630621335,NA,-0.242859218822079,0.222416285471882,-0.41711849193925,1.40285606143214,-0.138813554227636,-1.4328527386575,-1.87565074333523,-0.195767923731457,0.442306954624828,0.207023500982917,-0.281793290728626
0,NA,1,0.267773364744493,0.406314526135803,1.76483015453869,0.0082794629324,-0.380651238735009,NA,NA,-2.08097724783156,-1.75436015113356,-1.45982297373161,0.598892879509967,-0.448255889285367,1.1032542930952,-1.58177250008957,0.362702116911153,1.96868121058071,0.425255907538372,0.164743886625522,-1.49403253740205,0.973307688320701,-1.74039949207138,NA,-1.83459987658599,0.483365451620692,NA,0.0124482086480821,-0.138012576098385,-0.78752527606515
0,0,0,-0.597685359633427,-1.08147563600383,-0.547539901137165,-1.21370066101454,1.74271720459899,1.79733045261601,1.0947811286686,-2.08801935752031,-0.984324637183465,-1.67131111396462,-1.58354552028115,-1.28411347467196,1.29066947245676,0.0197408557401754,0.535375949102438,-0.076203850642146,1.78998567387394,0.801894819358982,0.584806989120823,0.0717237665417292,-0.957661769731335,NA,NA,NA,-0.0847049325743766,-2.24537735595168,NA,-0.72625994182178
8,0,0,-0.173822534169883,0.431041971819105,1.07496808167058,1.3607892805769,0.0276219755125928,-0.871024231613773,-1.4836219607573,1.42853545093578,0.232379115313396,-0.477422293452151,0.0229881321650965,-0.214671598311518,0.0174890380837548,0.909836439884883,-0.186709644336306,0.350734119264686,-1.29611109197286,-0.117125123100343,1.68644555057204,1.97248448681286,NA,-0.77039811779122,-0.223656634646699,0.577908357828924,-0.550137910370615,0.706015696697883,-0.277517799057193,-0.133635196020387
0,0,1,0.0825492798090154,0.550754657173396,NA,0.600254929116449,0.116937787373204,1.10268322056395,-0.808668582078227,0.689088419833976,0.0734213210317004,0.145397654051657,NA,-0.994502719917359,1.90820452677001,-0.289448745057748,-0.379738840974603,1.70512157625347,1.13536188794114,-0.131755674671651,-1.37685405083248,0.307819807269389,0.603062635526361,NA,-1.61266123275491,0.832017792220415,0.954233715543986,-2.25248932747202,-1.85395437928563,-0.873911569121422
0,1,0,NA,0.913610003542339,-0.580512021089252,-0.486760476592779,-0.998795736430511,0.651754827937077,-0.571385785246499,0.718975678687668,-0.227385266396429,-1.71618321182146,1.42024237726693,-0.864133644664985,NA,0.755974124914692,-0.381920814510158,1.30058675936376,-0.473383311755569,0.324748587450434,1.07184348136415,0.601261548440596,0.161239187846664,NA,-1.46447576583102,NA,1.49223615395322,NA,0.725172926642929,-1.24211330361582
0,NA,1,0.466621308276347,NA,-0.0985419143587344,-0.738101837912374,-1.37537345594326,0.774854475991533,-1.17381829122108,-1.85351575071251,-0.608411549754088,-1.66683298860773,0.959965014806183,-0.470309683263285,0.445231878199723,-0.8494415456013,1.39423313983868,1.53842088583759,-0.475510261108975,1.59735119183477,-0.0750662025171341,1.64425953268095,-0.162860208809361,0.872365866973636,-0.965639246946121,-0.866149763951815,-1.09128865084345,-0.458559612038993,0.208007594001927,-2.27482026145704
0,0,NA,-0.435075986115294,0.637393770868226,0.708973920958635,NA,-1.94225384228168,-0.975819496438705,-0.0810442043943988,0.105543924109387,-2.62379050950124,-1.84156356698928,NA,-0.676501075872997,0.147007541396801,1.38769052719153,NA,1.13357835388656,-1.6733953085395,-1.96374086465698,NA,0.647952661537081,NA,0.652441446141957,-0.820946732541646,0.430166146012158,-0.12205187084665,0.233363768554566,-0.952633274766109,0.119819759466642
6,0,1,1.14077412358293,-1.35024507295766,0.342407809165784,1.31117528380943,1.2853285644725,-0.00597972145469113,-0.232977915301928,NA,-1.5840835949107,0.674822798530279,-1.87109178456758,1.45856638874477,0.731697268109812,0.536669952471476,-0.165962882901454,-0.284041138417819,-0.239050324037974,-0.294646809706052,-0.18516849422687,-1.2606559471985,-0.49985987645859,0.688950232751335,1.72435541649756,0.854278283548078,0.0114458133563,0.0668921947297424,NA,0.155915739580663
21,1,1,NA,-0.377586245529504,2.18146488985154,1.43726328810388,0.269199951391125,0.629933543707529,0.728162854199457,-1.45241670372536,0.69605756233193,1.66950785887709,1.04097650493337,NA,-1.30289167883199,0.12249163640223,1.10084169832367,-0.326826757924628,-1.01231567065866,-0.211025384343484,0.0734245187782305,0.572366852259873,-1.09471564153203,-0.319903718670554,1.02475509362399,0.0664115820751981,0.489084581622503,0.656813590965965,0.936504771508348,0.602511048505342
0,1,NA,NA,0.670830326855813,0.166642491563811,0.920344421089296,NA,-0.100816486810246,0.573452415921527,0.614095068097102,-0.290604871631959,-0.87976012247177,1.44462840615556,-0.239524464460321,1.79381522511625,0.598719339771843,0.944411290081636,-0.470253280398746,0.30709836251377,0.316808858005862,0.834269935806213,2.66515538423935,-1.0956900810923,1.08943038738775,-2.42283251626249,-1.50505373619368,3.20247536758166,NA,0.151984439669381,-1.28601448836512
0,0,NA,0.408024484425866,0.102374334128236,-0.393514973010298,-1.49145080202776,0.111528280123156,1.33740869498141,-0.748471916973431,0.148606888730008,NA,0.0776686261278395,NA,-1.42440813876916,-0.677838112499918,0.332478725569966,0.250283526178077,0.859000595247055,0.782206553427212,NA,-0.48689971555068,-0.644826497708234,-0.612399596662671,0.270809350076082,-0.791992238407068,0.0301658699009284,0.317759198273634,-0.026441033596582,-1.0853400564675,0.523955014315191
7,NA,0,-2.42262376613986,0.604496014079844,-1.58258863315543,-0.780333760150871,0.496870461519333,0.16111610725,0.023812708530143,1.30854918173396,-0.00549473188903824,-0.334393127977633,-1.15425875945613,0.610306143489383,0.740196743240908,0.409627731904775,NA,-0.944600853201115,0.851996945736882,-0.170828068994714,NA,1.00524569581077,0.535956441033643,NA,-1.83261023743188,0.345503106217962,0.551620916544391,-3.30022124307553,-0.502511552636487,1.54607039014301
5,0,0,0.168703091410251,1.58608120522198,0.857312123140835,NA,0.721845299313003,-2.33651171549822,-0.435001384707257,0.864399175265752,0.525580659929395,0.0449439009455563,0.307208043431585,0.23715025071201,-0.476315021778219,0.110513422117423,-0.85010254289488,0.514152028087786,-0.864927412573602,-0.122505256562026,0.750749246478489,1.12963976748719,-0.305859020723981,-0.0490295547482976,-0.581502454355455,0.672082143436143,-0.269910047031443,-0.408235403794222,-0.778815219661573,0.24642614182638
4,1,1,1.25320674186641,NA,0.0179392057482908,-1.36249927118581,NA,0.877713872288787,-0.112247556520223,-0.814753434737172,-0.241844461133306,-1.53651709332567,-0.0112236251487786,-0.0163418396730057,0.512991763715764,0.133632342862792,-0.182300309893273,2.10092384522262,0.0381424758378505,NA,-0.808289495565038,-0.731081214522253,0.741516984005379,NA,0.900588158692589,0.871359225416824,0.858755316716593,-1.52462005061837,0.164998127293865,NA
8,0,1,1.71091554399408,-1.51753238857462,1.10193189761841,0.0399380127202303,NA,NA,NA,0.439301161223949,-0.802536919662148,-0.962881873256828,-0.53089584098866,0.238449015328064,0.205606781822712,0.348445244442815,1.50818712100739,0.369441715835003,-0.765794356298764,1.19350199837106,1.16911187690673,1.43735648511835,NA,-0.593498836210957,1.43500590841762,0.702547836529477,-0.956800558064005,-0.495280899077297,0.184390145224121,0.799042579423369
0,1,1,1.78449609981728,-1.55520777717846,0.582208992240553,0.835776054385981,0.107518411319021,0.103076975782682,-1.47910744736679,-1.00957316720674,-0.594426595071058,0.531068043211866,-0.64529548505166,0.851413878039493,-0.29983312871061,-1.34361875763731,0.523785577109102,0.830556647956587,-0.0243584871112642,-0.337110256433305,-0.974600570091281,-0.191755590430146,-1.22708544049213,-0.502653200805534,1.61086886031662,1.24797117854284,-0.910659732245543,1.32769608440596,0.0454974713732038,-0.32783577052748
2,1,0,0.046937666720464,-1.16052631049087,-0.0252982617895111,1.06962406074745,NA,1.98808042726232,NA,-0.118315899323991,0.0758082700192816,1.8140766821003,0.884069940217329,0.665863179692738,0.336483149954046,0.157291635232651,1.18426202994844,-0.0279190008284137,1.02680440066509,0.886105297644943,-0.132760189511762,-0.4708075130331,-0.0154620290138182,-0.375077695790862,-0.0730090807126249,-1.66140585352478,-1.13343109815173,0.425774173589487,-0.204344415260952,-0.085567582408545
5,1,0,1.23145411016815,-1.59979181992901,-0.341929699258742,-0.689517374683998,NA,1.48838296890452,-0.451948941100082,0.00957691670381817,1.42315671716426,-1.55297391326777,-0.267531910573102,-0.639418594829795,-0.345011938313632,0.486893923289942,-0.404717061710788,0.726710431493958,0.61671963351014,-0.0116800414680587,NA,1.8367005036876,-0.705022862830643,-0.0135123050845187,-0.282367274804373,NA,-0.0023444702535453,-0.339196815040472,-1.40612562898763,-0.856527062846423
1,0,1,0.00998055631478166,-1.03099705636893,1.4453831506802,-0.107655205846321,0.305827245923258,2.22050534883476,-1.07247741955771,-0.193579439313727,1.79079474201254,NA,0.0536099716424272,-0.808575856543685,-1.77975392304585,0.580652868846108,1.06913990286541,1.21883948417557,-0.489595686768458,0.534902288686134,1.59820577841726,0.428758895871941,-2.01592619531719,NA,-0.0334944623771661,0.656377619140582,-1.39768180519543,0.199297965502875,-3.33617804205863,-0.577716214972528
9,1,1,NA,0.133097134975038,-0.291260853674844,-0.813973555509513,0.355947639460225,-0.818101725889301,-0.327186646681261,-0.310081139226515,NA,0.0453282689169033,-1.0142142147573,0.662338169732324,0.209622678474474,0.533431209757152,-1.4859189481144,-0.251993644787561,-0.753390078267829,-0.635473930097817,0.225663078343509,-0.0629515861083564,-0.209842732875927,0.0530475538001393,0.34969954424071,1.24087074314963,NA,-0.402438071990405,0.4233042872031,-0.657153459712667
0,0,1,NA,0.872860111443399,1.97503940013128,0.254059660732661,0.274602192227532,NA,-0.457497181191727,0.185137123262717,-0.0559067305138136,-0.484390625462912,-0.38781974955761,NA,-0.328731786656989,0.687587066781151,NA,0.504476681569341,-0.827422616796943,0.633048046204768,0.518343311438195,0.517672072046522,-0.136740227242492,-0.537234207288614,-0.442312521193787,-0.0216800599700649,0.030948451946203,0.306065664913005,1.03664443179358,-0.905629581508575
0,0,1,0.758206556381139,-0.804026938105267,-1.59767793991124,-2.99413625412624,0.510649342576375,0.95101254739713,0.797959444810751,0.554153521577842,1.39867579123395,-0.28256014193767,-1.27157671371313,0.0108658293487122,0.00552501508931069,NA,1.66826379273567,NA,-0.216812484771678,3.03100183106207,NA,-1.01266577594128,0.745555104039679,0.526493101745349,0.870252813990333,-0.963553948702487,-0.961620003610557,-2.00545881338966,0.0648118665945925,0.626249867556623
0,1,1,-0.964118252874531,-0.113616975998417,NA,0.537364183552092,-1.23345187905614,-0.32723298299269,0.395534146900652,NA,NA,-0.849104661366687,-0.640567598905814,0.373441522331411,-1.03808864337341,-0.869458159819281,1.12954015609499,-1.76736512995556,-0.0554017981638007,0.172729626090504,-2.20564742317638,NA,-0.666512531279924,-1.49127523102463,0.361524080205693,NA,-0.641427223278477,0.75279766616216,-0.244784067103669,-1.05575029572494
3,0,0,0.33885900567978,0.115095070180297,-1.32913411578761,-0.414495049039855,-1.18353551153223,-1.35862352318942,NA,1.17626806447403,-0.477983171431752,-0.215918893157704,-0.271070142876291,-0.614713651978785,0.129343497683919,0.300962348369291,-2.33110996483959,1.24178861681207,1.72284066211588,NA,0.024598948629745,-1.27633585697512,1.73649318376816,0.36397436872484,-0.601690387689265,-0.36544616548474,-0.16750511767287,-1.79821444637147,0.78624038801016,0.596916705482519
8,0,1,-1.16883883926441,-0.156885697912601,2.18064841687345,NA,NA,NA,0.654871740774306,-1.2837726326484,-1.24092120277394,NA,0.457688235200741,0.213192598782955,-0.813205000710148,-0.938273096932991,1.52383309068816,-1.3963145160921,-1.74375332402181,0.822326533927081,-1.07579636971648,0.0650890447495653,-1.63221677618498,-1.31807323019433,1.6140434507833,-0.234456565463574,-0.560550149244808,1.82793610022448,0.00164561182565019,-0.918349057292488
0,0,NA,-0.0164436190434435,NA,-0.212219437392965,0.41089606485406,-0.683634566194901,-1.00800644446471,-0.952666289163498,0.608224779508419,1.15819416856683,0.626416424708167,-0.857553137698691,1.49867257334191,-1.47120909358416,-0.379647018290267,-0.803746725644726,-0.718536299587274,1.12156181056302,0.298183675847684,-1.74841007567888,-0.499358639409377,1.14892830822077,NA,NA,-0.903901319803314,NA,0.295279705498041,-0.444624649880274,0.543390934424164
1,NA,1,1.18468362385696,NA,NA,1.67428318113311,1.16452018118557,-0.0148510903693331,0.637540060676378,0.157324655953225,-0.000469062509108381,0.780649407815321,-1.48606869507349,0.821464228577008,NA,NA,0.843343525116662,-0.617247361814051,-1.39065082920581,-0.760115851360973,-1.53191170756921,-0.393131242417506,-0.37629577360813,-1.17844337165452,1.83399787484853,0.961514413946013,0.459779908828911,NA,0.111866203649275,-0.611866807128574
3,0,0,-0.315733458907423,1.20064593912845,0.509629236398628,-1.72322684440469,2.23213312434729,-0.932980113768425,-1.99906802014851,-0.362343863964566,0.00648242062764071,-0.483352746444033,-0.344831315224328,-2.02135029942233,0.378966787320342,-0.361664397894373,-0.237547099648704,2.29996664708249,0.517916747834272,2.50908214328723,1.55890845331364,1.82866462544864,NA,1.35743308059611,-0.388990805821876,1.13154921990594,-1.19305769083581,-0.106876598515006,-0.361673416200642,-0.0976680251700488
6,1,NA,0.835929375199362,-0.766579681920397,0.273646542605941,-0.663404456414729,-0.152381374595168,0.838321636785863,-0.539592731141449,-0.83159084965532,0.575842349810708,-0.164102122199557,NA,0.603360380449272,-1.14026200638599,0.364401875762816,0.699413974813609,0.713219110957562,-1.0946334546897,-0.349434748739028,-0.434616632265665,0.409983054863118,0.650258835814833,-0.782515243145113,0.75091907491633,0.85854734413016,-1.55680533495057,0.238518223438268,0.667272857187176,0.303525157677743
0,1,NA,-0.0750546244664899,-0.744458953822555,-0.95477997779394,NA,0.580122211469654,NA,-1.33642700787357,-0.997176680775646,-0.0847866648760528,0.89341299144619,-1.60287079801835,-0.972394483639663,0.162547193878365,-3.82267306840491,-0.143619985501462,-2.28920325071768,0.443867403289522,-1.59055114431573,-2.55761417971502,-0.621490288574006,1.24679907594117,-0.626791611982246,2.21930748883647,1.80673566762349,NA,2.06458615115416,1.47247590444992,-0.316715910185069
6,1,0,-0.799929832583085,-0.139503081121846,-0.181921487682433,-1.49291817701625,0.778961020893583,NA,0.713836562233497,-0.611599122529578,-1.07745713412416,-1.63164599409862,0.952752023011268,-0.899845472739987,2.17083767726288,-0.0197914255358737,0.479701178111075,NA,0.566028854494024,0.942471110508349,1.16283224446114,0.421874017888004,-1.56196633777677,0.310414811275462,0.382054024353851,NA,0.182200046685755,-0.656245022009033,0.528464878318658,0.18144246849826
0,NA,1,-2.27830577719749,0.355962140908846,NA,1.0567903193972,1.20232523945194,NA,-0.0787858957870401,-1.04723572388815,-0.419876622115126,0.663756534102638,-0.0462573009435286,NA,1.17423289929513,-1.47807675014624,1.06336839552045,0.0713171784162864,0.117822331298485,-0.00388255593181498,-1.42306155267263,-0.197607394922373,-1.04954754641376,0.556575745715252,0.0912063949277174,0.433322039202237,0.318232418256452,0.350699114275275,0.193838720387333,0.389637678102404
2,0,1,0.34698415304438,-0.0594032765007051,-1.15859659632007,-0.655247007421859,-0.0908122282297741,NA,-0.181609641459426,0.710497871133671,1.75030993458783,-1.33396341002583,0.386248002893616,-0.958070296466321,-0.662677449396613,1.26076486255055,-1.35656485041345,0.415160642757633,NA,NA,1.73880435053778,-0.423591301643702,0.521959192097694,0.0386930347109094,-0.385715774626579,0.29645848564145,1.22462586838191,-0.605842328608937,-1.28064446559017,-0.94317960257665
1,0,NA,NA,NA,-0.109763534942598,-0.0978561541968471,0.0923950932172825,-1.30274521062374,-0.941615226214388,1.31324286381177,-0.124240063723528,-0.144553279103124,-1.45860796518527,-1.48448173658874,NA,NA,-1.93082768117746,-0.623491740923413,1.92267140949984,0.69422459751892,0.247889737864819,1.03063929893826,2.41864912861528,NA,-0.289844660568287,-0.241068302673481,-0.559153968837882,-0.358870716301926,0.818000273413516,-0.637674945499893
0,0,1,0.687007011969235,0.809925714284841,-0.911167679576277,NA,-0.125937137901823,0.728511745469749,0.716659293385478,NA,-0.0787996990307203,-0.566109197576143,-0.256497995326711,-0.540991852772983,0.743330150843684,0.366054745319289,-0.0623158169794071,0.816974219499197,-1.4232512270897,-1.29525458803328,0.0831290118348839,-1.29450019223134,-0.337879709196518,1.18848360161567,-0.34041217417059,0.0489641255142238,1.90575492552331,-0.203451839419201,-2.54093785681283,-0.840854126505829
2,1,NA,-1.17806660269876,-0.811996055017619,1.7317506699457,1.91629241354967,-1.31575556217501,-0.551853390072658,1.03182816578921,NA,-0.362043926597348,NA,0.579573583786304,0.208460642135135,NA,0.713144211743179,-0.121510762568223,0.077048902729554,0.95580459707072,0.0233109283246883,-0.035617071027493,0.52665902400764,NA,-1.02294966913935,-0.789404727215212,-0.655778731094014,0.655986417852335,0.512787931017981,-1.00334771145567,NA
0,1,0,-0.309024823939648,1.47914268566854,0.675126584472389,-0.574371017010273,-0.432638741267153,0.235201770338022,0.203808324875668,-1.24228135129196,0.63192893128635,NA,-0.171343464143934,-0.856931176909267,0.198572562008182,-2.85971091575248,-1.21815010282847,0.148722063011171,-1.38801072231841,-0.395897072046937,-0.770834289263291,-0.499473534904801,0.48936992529622,-0.491519759700653,1.4014121096469,0.61404908287062,NA,1.80253453141623,1.40457945362048,0.219539067756984
0,1,NA,NA,-0.0513416803792404,1.31042344512196,1.55626860579672,-2.61186522998825,0.29239963389065,0.372574571259227,NA,0.2749656125238,0.435897635124918,0.667754953478586,-0.0438975752949402,-0.588725300995148,-1.20759770466816,0.446784672011528,0.124402714564819,0.194939296436099,-0.256077831412146,-1.4579728185218,0.248227876395258,-1.15304735514034,NA,-0.619265088241522,-1.09080949290426,0.243032596013374,-0.230669740552226,-0.921883523063362,0.190720605107294
0,0,1,0.780896633269013,-1.79616308073268,-1.24816934711227,0.391803591823325,0.33318500183584,2.42148770521238,-1.49290193319178,-0.347605110552561,0.852695594500738,0.991947220637141,-0.241113586065314,0.776067095793653,-0.183630427707577,-1.18272368340376,0.606147023330934,0.611495319154202,NA,-1.05991055417228,0.209009249519868,0.442333418734549,-0.0369332282561731,0.0693743482960589,0.162179193252883,2.03725799377725,-0.231033908110173,1.24778011018398,NA,-0.624527063783754
2,1,0,0.731220568613739,NA,0.556322119570896,NA,1.15699282627977,-0.367693573521145,0.35204124640038,0.620633255295695,1.36330710191122,0.934175953860804,-0.550950648571979,0.390949548445124,0.0590247204215269,-0.165913826334036,0.522749246565966,0.814652102553896,-1.09236096050719,0.833853163846393,0.280720252032728,0.3840718263995,-0.274125555477467,0.19839218536582,0.376572282324687,NA,1.14192378416683,0.42861094586943,1.13128001888976,1.35638624351386
10,1,0,-0.779418622459229,-0.150188685830413,0.846490329376256,-0.583787324508403,0.0683010492707347,0.534500747424802,1.40232813898365,-0.58816680174845,0.405789360223834,-0.762599405178612,0.358655588867373,1.03290653295998,-0.183626593489359,1.18670887506077,0.187592071041798,0.599116946578576,0.0363236130520171,1.12351729638783,1.69551254290937,1.93961148020581,-0.412239604363775,0.173570330823931,-0.663079247525523,0.0833191353351733,1.73780387374685,NA,1.0795866126918,NA
9,1,0,-0.774280714797016,0.0636363072448042,0.250340674589881,-1.31490688978733,0.737783384204129,-0.187760954194133,-1.10090036917612,-0.624340063762888,-2.23122538891575,-2.13007322901638,0.559422300403819,-1.25460210159193,0.956384174006334,-0.176568174093382,NA,-0.0522876464630383,NA,1.3161610458159,0.0699280031784061,0.768202100677924,0.0900695201259115,0.383609662005066,0.355360809154756,NA,-0.0278278836530328,-0.397825506178099,2.02967627422459,-0.570610839629468
1,1,0,0.675464613749316,0.558528287308275,0.461912513229234,1.3655678720112,-1.35365947962276,0.0325373058762867,0.177929526189601,0.867915947539277,NA,0.649678125707502,-0.135941651849908,0.193075968141348,-0.0729179626672358,1.62796211328781,0.330118360877543,2.15072417048305,-0.184113825193547,-0.0812031415542387,0.0701164337331712,1.67025806490412,1.50170275129878,0.982667954916166,-0.81440365140686,0.220197462835344,0.817110931485077,-1.23278856460388,NA,1.45666203021837
0,0,0,NA,1.97328480440067,0.739698304602042,0.159856529323433,-0.793310952991134,0.887377753878783,1.62371407441144,0.427949482959442,0.203189333601704,1.30135032160584,NA,0.340264168578931,1.86134582932264,0.252323279694599,0.993108354294761,2.00719169260976,-1.55410386448024,0.467602614939235,-0.128655728541871,0.434883898284024,0.243400580581335,1.22954626744576,-2.05195240547266,NA,1.4011988511244,-1.32584395934666,1.83963598560339,1.60189620885288
2,0,NA,-1.20524653474797,-1.18383672125871,-1.55548098401923,0.404001482915419,-1.85157071124623,2.36594472863115,-1.50956613375518,NA,-0.155051060622471,0.728365796097156,0.253367623352609,2.00913344442215,-0.34409686257177,0.319238497032925,-0.75420087899929,-1.30416920630678,-0.0457769399715503,-1.75729140433373,-0.0906787633317977,-1.47535016800963,0.357829058586273,0.263020090581235,-1.29891959318309,-1.00337307835399,-0.645877487667612,-0.178185931652225,-0.278165761636747,0.206417263763496
0,1,0,1.85434953201346,-0.531966823120432,2.12517859413466,-0.141002470574292,0.957398468020137,0.613201733958971,0.260923900856304,-3.71406106250015,1.14016166724809,1.09901331956099,0.370888502693648,1.70829130103116,-0.0995151784561221,-1.31022386483298,1.05622857804099,1.11270115458224,-0.338949781546592,0.726678584535188,-1.10131815024935,2.35764212943073,0.599709869258346,NA,-0.00771916376397676,1.74248522735675,-0.360686884515774,-0.12748463895586,0.903253018576902,-1.17432077188243
2,0,0,-1.2838230949956,2.07415890111886,-0.907093850364369,NA,-1.80701874252568,-0.453557312662392,-0.517851971884106,1.05673882933096,2.50040115236268,1.68971891765309,0.424432179097916,0.312492622036784,-1.38843457956884,0.377858332089379,-0.857868164031672,-0.374173751937086,-1.29312734418265,-1.0577575828498,2.43143046953105,-0.324058033981069,0.189361982469389,-0.452125083126717,NA,NA,0.515079882397484,0.730058136618256,-0.641434414967744,0.784271623203035
20,1,0,-1.68884006333303,-0.307798022227028,-0.213748348217023,-0.41489874288099,1.3297203439177,0.766408033897873,1.66728178227893,-0.377762566854384,0.368415933645528,1.3420597337886,0.162627009869874,0.957822012149803,-0.561871235020687,0.680582686091382,NA,NA,0.0489056468899022,NA,0.99759710861537,-0.96275978770908,-1.02894757766497,1.35909822552044,1.18345183385034,-0.37030921404297,0.512228973691455,-0.726218562890516,-0.11620784426691,1.71449897589719
4,0,0,-0.158971655163087,-0.461741204628596,2.09549159847411,2.68092919490634,NA,-0.127626483923581,NA,-1.03188074665479,-0.0108029967436201,0.963039341143658,0.341562385603807,1.67182481564225,-0.541628304990948,-0.594088948367808,1.80199985680646,-0.489620501907444,-0.864423353258516,0.532696860490102,-0.669044581921072,1.45365687646027,0.0344276808028397,-0.540057617242745,0.0446652101323802,NA,0.657405001854836,1.28876408380977,-0.439346834528069,-0.835480209286803
10,0,0,-1.28115603666168,0.972041320647415,-1.18690854620926,-0.666739873024012,0.643324871144463,-1.52294036939088,-0.371752618372634,0.334796193051423,-1.24364561720408,1.3794081305119,0.782410716330963,-0.0330998269152175,2.3963098135518,2.42347259664165,-0.263051640533918,-0.579975131048547,1.27755599022199,1.31735212664527,2.24504320148474,0.457387577316913,1.49481183812873,0.35028619553275,-1.21615788258693,-1.45616066518506,-2.30911539949382,NA,-0.29729881290414,-0.190451700648105
5,0,0,-2.25671262271948,1.50779369126506,-1.02690274075148,0.247428536010098,0.614533282974773,0.246992814207702,0.522234052883332,2.02746979333582,-0.409477095794485,-0.927203794759574,1.26783190245811,-0.609199453795156,-0.282576176468434,0.274592302284594,-0.415627812784197,NA,-0.664180244424874,NA,0.486883033049908,-0.428924377665526,1.11489686104976,1.04732308022051,-0.489801890818387,-1.93941246565827,NA,1.78907164525983,2.09692340326146,0.425477679756137
0,NA,0,-0.467570995905553,0.711618928244612,0.348327960525419,0.126569527763383,-1.71881708150491,-0.117012316832645,-0.906100072817043,-0.588517860349084,1.58576843088512,0.62709566560913,-1.70029999885355,0.795813136094376,-0.256479047474111,-0.472947791384547,-1.11302199023675,0.163873674284444,-0.0696209268376964,-0.272583539318347,-0.225691013094282,2.49155437551488,0.949472853951995,1.36832117875792,-2.03391103406131,0.538054496763658,-0.667153611142671,-0.744477636305494,-1.03746650102294,NA
3,0,0,-0.385743810434617,-0.086263079967966,-0.252853873065827,-1.23440465724947,-0.38755740904473,-1.02691898893639,NA,1.06191864669315,0.385565213996314,-0.610620866459359,-0.280152562620371,-1.0757290380156,0.208564655663116,-0.551213719338337,NA,1.0902978951284,2.4387671346545,0.724143268554,NA,0.529486404816313,1.42030690364437,-1.34760287617673,-1.78086565461459,0.670063103885989,NA,-0.519900485671595,-0.508698177043459,-0.332589426995754
10,0,1,0.793029188348593,0.483162997537606,-0.608043954581391,-1.22069685350571,NA,NA,-0.903710805717981,-0.505541228839066,0.750192757642411,-1.44222936508946,-0.335250006420332,-0.0130961156792646,NA,1.41130546204095,-1.65928974676288,1.07580284577148,-1.72949114173734,-0.590744013501363,1.77513743405593,-0.81493245387493,0.053513940674746,0.236638599280779,0.465961570221107,1.10465401393162,0.206981276991306,-0.342986137130654,-0.546152442902477,-0.649500907985822
6,1,1,-0.480941322082745,-1.08541275343872,-1.42077416938851,0.15645759562053,0.252741470797904,1.2577239369751,-1.94119798836423,1.46270852754381,-1.01429561333369,0.837047900468751,-1.7446725647434,0.0640188034334551,1.31260861398884,0.195479834950941,0.0401361820916931,0.410287564141611,NA,0.510800554429334,-0.114298101024747,0.344555565789915,1.29823618996648,1.20508214435846,0.241360914471896,0.694024145149717,-1.06544004671134,-1.751329509596,-0.84246340501029,0.309066544556885
14,1,NA,0.942549048550897,-1.16412781900442,1.07879689772658,-0.651759227968342,0.15146768289098,-0.514367671276997,-0.539887516174089,-1.10849022367727,NA,-2.17129018644696,-1.60338843791534,0.177392088247423,-0.733898128123007,0.49184963521896,0.146754230013072,0.564357520977808,NA,0.235999416823166,1.49235042980063,0.636438524424747,-1.01260343416657,-0.65253308559329,1.61713737087817,0.730995637152048,-0.758087007849974,0.192464210179045,0.375828595763562,0.478962267036229
0,1,0,0.34308933643564,-0.166021801254041,-0.676914337295522,NA,-0.345675473472448,-1.26334484219804,NA,0.000634593566368377,0.00548109725682398,1.96262179813942,-1.71057800543944,-0.100875037592212,1.30936546835842,-0.444807486418663,-1.82087513800126,-0.208483030980353,2.18553401784584,-1.58734754572047,-0.945519467823587,NA,0.201951244422476,0.552868716261222,-0.835785177276631,1.18098834746061,-0.998213432088735,-0.573838010612266,-1.88055303043894,0.204293185769515
0,0,0,-0.576163223513392,0.312141234211404,0.773771464410798,-0.115981658965772,-1.07433142404022,-0.0127229883065619,0.629329039551793,0.145078964030556,-0.747206045672198,-1.1803805955993,0.433783959637717,-0.192221303561874,-0.308882411986672,0.507672088745743,-0.487850797010945,-0.246234683591715,-0.564660560628206,NA,0.0851316956826378,0.11619116222079,0.205840759112057,-0.370459108201216,-1.48320000403215,NA,NA,0.296741079012003,-0.512122777082331,NA
1,NA,1,0.450522750763436,0.857293468251578,-0.68983612721182,0.935473340468714,NA,-0.628487310350334,-0.34036666965566,1.23181853588887,1.79765002492749,2.45623883659872,-2.97353090534937,0.0389131825867258,-0.156822138469251,-0.814423936910347,0.324825349933051,-0.928763703776973,0.600901463129017,0.229498041643784,NA,0.551913259481796,NA,1.60046401099578,0.594910801401802,0.749477751411965,-0.592946572604167,NA,-0.184192235683752,0.883540520811451
9,1,1,-0.61154810865518,-1.11707312548949,NA,-1.23526412873697,0.37657507689582,0.632781299449813,-0.463154792135269,0.231335900702961,-0.145359637339474,-1.95943245302289,1.11311507847042,-0.32152564341229,-0.504904139730077,0.290888238601675,0.979317403868193,0.0340903537943384,0.391764542811921,1.01387418000171,0.43854213088716,0.956945770248822,-0.0899686598743652,-1.03002417029612,0.700061418410002,0.371802386514442,-0.437628835775263,-1.17448090799484,0.757037149990459,0.156886461546419
0,1,0,0.621688988018259,-0.143350228705327,-0.755542689851639,0.131744657802815,-0.0917044656468695,0.102714084825054,0.969352784857549,0.295623878084748,NA,0.560754786157502,NA,0.0244007286024325,0.823354288383147,-1.02552133541185,-0.675759011272977,0.224844774090284,1.35014712508473,0.453528754289066,-1.24083287021589,-0.487005283887567,1.42894312626378,1.03855819020726,0.187257973843869,0.0966154647207091,0.52119726896023,-1.57824685619681,1.03628605925699,0.365112066431006
0,1,0,NA,1.56885631248508,NA,-0.583475812109519,-0.0123956598841467,-0.656307344581746,1.40914706644637,NA,-0.0344468918761626,-0.530739810183238,0.165746132650908,-0.821091707417327,1.44092135041061,0.707095074789898,-0.200971647969405,0.105683119684523,0.346513420950189,-0.192686193596368,-0.63343021737585,NA,1.51637091935566,0.589884408955569,-1.27029050158988,0.328085629106962,2.05022481906177,-1.22099250562735,0.400642124978106,-0.162857255851258
4,0,1,-1.20426739864195,1.99169145461662,-0.350606746123764,-0.122534724175886,1.29435379037443,-0.94915665555434,-0.152657731609513,1.73838160184881,NA,-1.15552311288194,-0.772901038291116,NA,0.128426839420283,-0.180730723123301,-1.75881049186519,0.0495573709013518,-0.51244188377408,-1.11994527923381,-1.16090745444241,-2.31637522020377,-0.131038619000405,0.0480787529101078,0.826382741803236,0.26845571503204,-0.251647684112024,-0.647687343350463,-1.26013747867656,1.57467114600659
0,1,0,-1.51771120080197,0.429150540822526,0.276131397845647,-0.619539708998498,NA,2.4743845318855,-0.647649313422962,-0.507747390047576,1.47883033150077,0.595139062834203,0.882728392963549,-1.89081745767339,0.66061612556017,-0.448888950026719,1.34745677617662,-1.05332889790582,NA,0.887509296976448,-0.625110338918372,0.337733832629246,0.862777323849489,-2.27797026927005,NA,-1.95822025254842,-0.846476013944492,0.286861202820531,-0.874727998619494,NA
0,1,0,-0.533962905552926,0.378339801439344,NA,1.73552113715061,NA,-0.604932343615881,1.16098568223436,-1.28253158051202,-1.81529409059374,1.64994203435496,-0.0685399303507978,-0.378076164585876,2.61610988376925,-1.25415975921898,0.436728056903262,-0.12016289353129,0.420367154491443,NA,NA,-0.54601014873433,NA,0.786608395802055,0.666512997328285,1.1475908390459,-0.177443323855023,0.0858849756260804,NA,-0.109705285408592
6,0,0,1.3547014455857,-0.0881155636706391,0.745603751511508,0.0994720451838616,1.54635544075277,-1.08040785401433,0.166774442459719,-1.53371323832283,-1.47469040465837,-0.0107140372232636,-1.40794177479458,-0.0519791498963629,1.17276591761769,-0.29660902120959,0.561729231509936,0.21881410121718,-0.218110361834827,0.391307216005081,0.532298827720843,1.09020285077603,1.64314547685269,1.77167701219636,NA,0.746902691206519,-1.34915199585501,0.127979811277556,1.83634059867946,1.19219472256099
8,0,1,-2.38482025591529,1.3851791544332,-0.396137769398156,0.879685133754444,-0.166766066051992,-1.19502552117245,-0.156935528850218,1.54606803590493,-0.819444542965974,1.30906959039896,0.311815872348364,0.734616723276715,0.120792090488198,0.612215642560342,NA,-1.29946846137667,-0.0228601992806128,-0.605648218450413,-1.09044602458754,NA,1.56909775138087,-0.643143197344322,-0.81507053719393,-0.590916057602506,-0.503448381864287,NA,-0.380372485965779,0.524967491389568
3,1,1,-0.532815085605919,1.10641699828195,-0.0692119508247753,-0.100340718498037,-0.371221951861332,-0.381743853939318,0.494927994788535,0.458938325878556,NA,-1.02613194102402,0.194874722913722,-0.485559875912601,-0.886622855399889,NA,-0.51911584784315,0.218874352060999,-0.992914616002301,-0.449742794268048,-1.01501229981946,-0.991043811874821,-0.591180150446801,-0.942956004340924,0.512857025180363,-0.105434873394979,0.94331034787179,0.187990326223941,-0.82785785686442,0.351580903794641
3,0,0,-0.793580248711423,0.0456232270306016,-1.8395950058083,-0.850464887993434,-0.0389190853722257,-0.670402257288653,0.911411392675076,0.912343023473714,-1.41242862171226,-1.29355198165379,1.35483608260083,0.546365158380487,1.50077772121381,2.30343701771577,-1.57947651503254,0.505355059155528,1.24069117590513,-0.541285040907211,1.29308023183934,-0.202513586864558,-0.165417754053927,NA,-2.45074107993188,-0.116990915795777,0.927878770275609,-2.05688531601002,-1.04327405099666,-0.767408819514442
